Number,Name,Type1,Type2,Total,HP,Attack,Defense,SpecialAtk,SpecialDef,Speed,Generation
1,妙蛙種子,Grass,Poison,318,45,49,49,65,65,45,1
2,妙蛙草,Grass,Poison,405,60,62,63,80,80,60,1
3,妙蛙花Mega,Grass,Poison,625,80,100,123,122,120,80,1
3,妙蛙花,Grass,Poison,525,80,82,83,100,100,80,1
4,小火龍,Fire,,309,39,52,43,60,50,65,1
5,火恐龍,Fire,,405,58,64,58,80,65,80,1
6,噴火龍MegaX,Fire,Dragon,634,78,130,111,130,85,100,1
6,噴火龍MegaY,Fire,Flying,634,78,104,78,159,115,100,1
6,噴火龍,Fire,Flying,534,78,84,78,109,85,100,1
7,傑尼龜,Water,,314,44,48,65,50,64,43,1
8,卡咪龜,Water,,405,59,63,80,65,80,58,1
9,水箭龜Mega,Water,,630,79,103,120,135,115,78,1
9,水箭龜,Water,,530,79,83,100,85,105,78,1
10,綠毛蟲,Bug,,195,45,30,35,20,20,45,1
11,鐵甲蛹,Bug,,205,50,20,55,25,25,30,1
12,巴大蝶,Bug,Flying,395,60,45,50,90,80,70,1
13,獨角蟲,Bug,Poison,195,40,35,30,20,20,50,1
14,鐵殼蛹,Bug,Poison,205,45,25,50,25,25,35,1
15,大針蜂Mega,Bug,Poison,495,65,150,40,15,80,145,1
15,大針蜂,Bug,Poison,395,65,90,40,45,80,75,1
16,波波,Normal,Flying,251,40,45,40,35,35,56,1
17,比比鳥,Normal,Flying,349,63,60,55,50,50,71,1
18,大比鳥Mega,Normal,Flying,579,83,80,80,135,80,121,1
18,大比鳥,Normal,Flying,479,83,80,75,70,70,101,1
19,小拉達,Normal,,253,30,56,35,25,35,72,1
20,拉達,Normal,,413,55,81,60,50,70,97,1
21,烈雀,Normal,Flying,262,40,60,30,31,31,70,1
22,大嘴雀,Normal,Flying,442,65,90,65,61,61,100,1
23,阿柏蛇,Poison,,288,35,60,44,40,54,55,1
24,阿柏怪,Poison,,438,60,85,69,65,79,80,1
25,皮卡丘,Electric,,320,35,55,40,50,50,90,1
26,雷丘,Electric,,485,60,90,55,90,80,110,1
27,穿山鼠,Ground,,300,50,75,85,20,30,40,1
28,穿山王,Ground,,450,75,100,110,45,55,65,1
29,尼多蘭,Poison,,275,55,47,52,40,40,41,1
30,尼多娜,Poison,,365,70,62,67,55,55,56,1
31,尼多后,Poison,Ground,505,90,92,87,75,85,76,1
32,尼多朗,Poison,,273,46,57,40,40,40,50,1
33,尼多力諾,Poison,,365,61,72,57,55,55,65,1
34,尼多王,Poison,Ground,505,81,102,77,85,75,85,1
35,皮皮,Fairy,,323,70,45,48,60,65,35,1
36,皮可西,Fairy,,483,95,70,73,95,90,60,1
37,六尾,Fire,,299,38,41,40,50,65,65,1
38,九尾,Fire,,505,73,76,75,81,100,100,1
39,胖丁,Normal,Fairy,270,115,45,20,45,25,20,1
40,胖可丁,Normal,Fairy,435,140,70,45,85,50,45,1
41,超音蝠,Poison,Flying,245,40,45,35,30,40,55,1
42,大嘴蝠,Poison,Flying,455,75,80,70,65,75,90,1
43,走路草,Grass,Poison,320,45,50,55,75,65,30,1
44,臭臭花,Grass,Poison,395,60,65,70,85,75,40,1
45,霸王花,Grass,Poison,490,75,80,85,110,90,50,1
46,派拉斯,Bug,Grass,285,35,70,55,45,55,25,1
47,派拉斯特,Bug,Grass,405,60,95,80,60,80,30,1
48,毛球,Bug,Poison,305,60,55,50,40,55,45,1
49,摩魯蛾,Bug,Poison,450,70,65,60,90,75,90,1
50,地鼠,Ground,,265,10,55,25,35,45,95,1
51,三地鼠,Ground,,405,35,80,50,50,70,120,1
52,喵喵,Normal,,290,40,45,35,40,40,90,1
53,貓老大,Normal,,440,65,70,60,65,65,115,1
54,可達鴨,Water,,320,50,52,48,65,50,55,1
55,哥達鴨,Water,,500,80,82,78,95,80,85,1
56,猴怪,Fighting,,305,40,80,,35,45,70,1
57,火爆猴,Fighting,,455,65,105,60,60,70,95,1
58,卡蒂狗,Fire,,350,55,70,45,70,50,60,1
59,風速狗,Fire,,555,90,110,80,100,80,95,1
60,蚊香蝌蚪,Water,,300,40,50,40,40,40,90,1
61,蚊香君,Water,,385,65,65,65,50,50,90,1
62,蚊香泳士,Water,Fighting,510,90,95,95,70,90,70,1
63,凱西,Psychic,,310,25,20,15,105,55,90,1
64,勇基拉,Psychic,,400,40,35,30,120,70,105,1
65,胡地Mega,Psychic,,590,55,50,65,175,95,150,1
65,胡地,Psychic,,500,55,50,45,135,95,120,1
66,腕力,Fighting,,305,70,80,,35,35,35,1
67,豪力,Fighting,,405,80,100,70,50,60,45,1
68,怪力,Fighting,,505,90,130,80,65,85,55,1
69,喇叭芽,Grass,Poison,300,50,75,35,70,30,40,1
70,口呆花,Grass,Poison,390,65,90,50,85,45,55,1
71,大食花,Grass,Poison,490,80,105,65,100,70,70,1
72,瑪瑙水母,Water,Poison,335,40,40,35,50,100,70,1
73,毒刺水母,Water,Poison,515,80,70,65,80,120,100,1
74,小拳石,Rock,Ground,300,40,80,100,30,30,20,1
75,隆隆石,Rock,Ground,390,55,95,115,45,45,35,1
76,隆隆岩,Rock,Ground,495,80,120,130,55,65,45,1
77,小火馬,Fire,,410,50,85,55,65,65,90,1
78,烈焰馬,Fire,,500,65,100,70,80,80,105,1
79,呆呆獸,Water,Psychic,315,90,65,65,40,40,15,1
80,呆殼獸Mega,Water,Psychic,590,95,75,180,130,80,30,1
80,呆殼獸,Water,Psychic,490,95,75,110,100,80,30,1
81,小磁怪,Electric,Steel,325,25,35,70,95,55,45,1
82,三合一磁怪,Electric,Steel,465,50,60,95,120,70,70,1
83,大蔥鴨,Normal,Flying,352,52,65,55,58,62,60,1
84,嘟嘟,Normal,Flying,310,35,85,45,35,35,75,1
85,嘟嘟利,Normal,Flying,460,60,110,,60,60,100,1
86,小海獅,Water,,325,65,45,55,45,70,45,1
87,白海獅,Water,Ice,475,90,70,80,70,95,70,1
88,臭泥,Poison,,325,80,80,50,40,50,25,1
89,臭臭泥,Poison,,500,105,105,75,65,100,50,1
90,大舌貝,Water,,305,30,65,100,45,25,40,1
91,刺甲貝,Water,Ice,525,50,95,180,85,45,70,1
92,鬼斯,Ghost,Poison,310,30,,30,100,35,80,1
93,鬼斯通,Ghost,Poison,405,45,50,45,115,55,95,1
94,耿鬼Mega,Ghost,Poison,600,60,65,80,170,95,130,1
94,耿鬼,Ghost,Poison,500,60,65,60,130,75,110,1
95,大岩蛇,Rock,Ground,385,35,45,160,30,45,70,1
96,催眠貘,Psychic,,328,60,48,45,43,90,42,1
97,引夢貘人,Psychic,,483,85,73,70,73,115,67,1
98,大鉗蟹,Water,,325,30,105,90,25,25,50,1
99,巨鉗蟹,Water,,475,55,130,115,50,50,75,1
100,霹靂電球,Electric,,330,40,30,50,55,55,100,1
101,頑皮雷彈,Electric,,480,60,50,70,80,80,140,1
102,蛋蛋,Grass,Psychic,325,60,40,80,60,45,40,1
103,椰蛋樹,Grass,Psychic,520,95,95,85,125,65,55,1
104,卡拉卡拉,Ground,,320,50,50,95,40,50,35,1
105,嘎啦嘎啦,Ground,,425,60,80,110,50,80,45,1
106,飛腿郎,Fighting,,455,50,120,53,35,110,87,1
107,快拳郎,Fighting,,455,50,105,79,35,110,76,1
108,大舌頭,Normal,,385,90,55,75,60,75,30,1
109,瓦斯彈,Poison,,340,40,65,95,60,45,35,1
110,雙彈瓦斯,Poison,,490,65,90,120,85,70,60,1
111,獨角犀牛,Ground,Rock,345,80,85,95,30,30,25,1
112,鑽角犀獸,Ground,Rock,485,105,130,120,45,45,40,1
113,吉利蛋,Normal,,450,250,5,5,35,105,50,1
114,蔓藤怪,Grass,,435,65,55,115,100,40,60,1
115,袋獸Mega,Normal,,590,105,125,,60,100,100,1
115,袋獸,Normal,,490,105,95,80,40,80,90,1
116,墨海馬,Water,,295,30,40,70,70,25,60,1
117,海刺龍,Water,,440,55,65,95,95,45,85,1
118,角金魚,Water,,320,45,67,60,35,50,63,1
119,金魚王,Water,,450,80,92,65,65,80,68,1
120,海星星,Water,,340,30,45,55,70,55,85,1
121,寶石海星,Water,Psychic,520,60,75,85,100,85,115,1
122,魔牆人偶,Psychic,Fairy,460,40,45,65,100,120,90,1
123,飛天螳螂,Bug,Flying,500,70,110,80,55,80,105,1
124,迷唇姐,Ice,Psychic,455,65,50,35,115,95,95,1
125,電擊獸,Electric,,490,65,83,57,95,85,105,1
126,鴨嘴火獸,Fire,,495,65,95,57,100,85,93,1
127,凱羅斯Mega,Bug,Flying,600,65,155,120,65,90,105,1
127,凱羅斯,Bug,,500,65,125,100,55,70,85,1
128,肯泰羅,Normal,,490,75,100,95,40,70,110,1
129,鯉魚王,Water,,200,20,10,55,15,20,80,1
130,暴鯉龍Mega,Water,Dark,640,95,155,109,70,130,81,1
130,暴鯉龍,Water,Flying,540,95,125,79,60,100,81,1
131,拉普拉斯,Water,Ice,535,130,85,80,85,95,60,1
132,百變怪,Normal,,288,48,48,48,48,48,48,1
133,伊布,Normal,,325,55,55,50,45,65,55,1
134,水伊布,Water,,525,130,65,60,110,95,65,1
135,雷伊布,Electric,,525,65,65,60,110,95,130,1
136,火伊布,Fire,,525,65,130,60,95,110,65,1
137,多邊獸,Normal,,395,65,60,70,85,75,40,1
138,菊石獸,Rock,Water,355,35,40,100,90,55,35,1
139,多刺菊石獸,Rock,Water,495,70,60,125,115,70,55,1
140,化石盔,Rock,Water,355,30,80,90,55,45,55,1
141,鐮刀盔,Rock,Water,495,60,115,105,65,70,80,1
142,化石翼龍Mega,Rock,Flying,615,80,135,85,70,95,150,1
142,化石翼龍,Rock,Flying,515,80,105,65,60,75,130,1
143,卡比獸,Normal,,540,160,,65,65,110,30,1
144,急凍鳥,Ice,Flying,580,90,85,100,95,125,85,1
145,閃電鳥,Electric,Flying,580,90,90,85,125,90,100,1
146,火焰鳥,Fire,Flying,580,90,100,90,125,85,90,1
147,迷你龍,Dragon,,300,41,64,45,50,50,50,1
148,哈克龍,Dragon,,420,61,84,65,70,70,70,1
149,快龍,Dragon,Flying,600,91,134,95,100,100,80,1
150,超夢MegaX,Psychic,Fighting,780,106,190,100,154,100,130,1
150,超夢MegaY,Psychic,,780,106,150,70,194,120,140,1
150,超夢,Psychic,,680,106,110,90,154,90,130,1
151,夢幻,Psychic,,600,100,100,100,100,100,100,1
152,菊草葉,Grass,,318,45,49,65,49,65,45,2
153,月桂葉,Grass,,405,60,62,80,63,80,60,2
154,大竺葵,Grass,,525,80,82,100,83,100,80,2
155,火球鼠,Fire,,309,39,52,43,60,50,65,2
156,火岩鼠,Fire,,405,58,64,58,80,65,80,2
157,火爆獸,Fire,,534,78,84,78,109,85,100,2
158,小鋸鱷,Water,,314,50,65,64,44,48,43,2
159,藍鱷,Water,,405,65,80,80,59,63,58,2
160,大力鱷,Water,,530,85,105,100,79,83,78,2
161,尾立,Normal,,215,35,46,34,35,45,20,2
162,大尾立,Normal,,415,85,76,64,45,55,90,2
163,咕咕,Normal,Flying,262,60,30,30,36,56,50,2
164,貓頭夜鷹,Normal,Flying,442,100,50,50,76,96,70,2
165,芭瓢蟲,Bug,Flying,265,40,20,30,40,80,55,2
166,安瓢蟲,Bug,Flying,390,55,35,50,55,110,85,2
167,圓絲蛛,Bug,Poison,250,40,60,40,40,40,30,2
168,阿利多斯,Bug,Poison,390,70,90,70,60,60,40,2
169,叉字蝠,Poison,Flying,535,85,90,80,70,80,130,2
170,燈籠魚,Water,Electric,330,75,38,38,56,56,67,2
171,電燈怪,Water,Electric,460,125,58,58,76,76,67,2
172,皮丘,Electric,,205,20,40,15,35,35,60,2
173,皮寶寶,Fairy,,218,50,25,28,45,55,15,2
174,寶寶丁,Normal,Fairy,210,90,30,15,40,20,15,2
175,波克比,Fairy,,245,35,20,65,40,65,20,2
176,波克基古,Fairy,Flying,405,55,40,85,80,105,40,2
177,天然雀,Psychic,Flying,320,40,50,45,70,45,70,2
178,天然鳥,Psychic,Flying,470,65,75,70,95,70,95,2
179,咩利羊,Electric,,280,55,40,40,65,45,35,2
180,茸茸羊,Electric,,365,70,55,55,80,60,45,2
181,電龍Mega,Electric,Dragon,610,90,95,105,165,110,45,2
181,電龍,Electric,,510,90,75,85,115,90,55,2
182,美麗花,Grass,,490,75,80,95,90,100,50,2
183,瑪力露,Water,Fairy,250,70,20,50,20,50,40,2
184,瑪力露麗,Water,Fairy,420,100,50,80,60,80,50,2
185,樹才怪,Rock,,410,70,100,115,30,65,30,2
186,蚊香蛙皇,Water,,500,90,75,75,90,100,70,2
187,毽子草,Grass,Flying,250,35,35,40,35,55,50,2
188,毽子花,Grass,Flying,340,55,45,50,45,65,80,2
189,毽子棉,Grass,Flying,460,75,55,70,55,95,110,2
190,長尾怪手,Normal,,360,55,70,55,40,55,85,2
191,向日種子,Grass,,180,30,30,30,30,30,30,2
192,向日花怪,Grass,,425,75,75,55,105,85,30,2
193,蜻蜻蜓,Bug,Flying,390,65,65,45,75,45,95,2
194,烏波,Water,Ground,210,55,45,45,25,25,15,2
195,沼王,Water,Ground,430,95,85,85,65,65,35,2
196,太陽伊布,Psychic,,525,65,65,60,130,95,110,2
197,月亮伊布,Dark,,525,95,65,110,60,130,65,2
198,黑暗鴉,Dark,Flying,405,60,85,42,85,42,91,2
199,呆呆王,Water,Psychic,490,95,75,80,100,110,30,2
200,夢妖,Ghost,,435,60,60,,85,85,85,2
201,未知圖騰,Psychic,,336,48,72,48,72,48,48,2
202,果然翁,Psychic,,405,190,33,58,33,58,33,2
203,麒麟奇,Normal,Psychic,455,70,80,65,90,65,85,2
204,榛果球,Bug,,290,50,65,90,35,35,15,2
205,佛烈托斯,Bug,Steel,465,75,90,140,60,60,40,2
206,土龍弟弟,Normal,,415,100,70,70,65,65,45,2
207,天蠍,Ground,Flying,430,65,75,105,35,65,85,2
208,大鋼蛇Mega,Steel,Ground,610,75,125,230,55,95,30,2
208,大鋼蛇,Steel,Ground,510,75,85,200,55,65,30,2
209,布魯,Fairy,,300,60,80,50,40,40,30,2
210,布魯皇,Fairy,,450,90,120,75,60,60,45,2
211,千針魚,Water,Poison,430,65,95,75,55,55,85,2
212,巨鉗螳螂Mega,Bug,Steel,600,70,150,140,65,100,75,2
212,巨鉗螳螂,Bug,Steel,500,70,130,100,55,80,65,2
213,壺壺,Bug,Rock,505,20,10,230,10,230,5,2
214,赫拉克羅斯Mega,Bug,Fighting,600,80,185,115,40,105,75,2
214,赫拉克羅斯,Bug,Fighting,500,80,125,75,40,95,85,2
215,狃拉,Dark,Ice,430,55,95,55,35,75,115,2
216,熊寶寶,Normal,,330,60,80,50,50,50,40,2
217,圈圈熊,Normal,,500,90,130,,75,75,55,2
218,熔岩蟲,Fire,,250,40,40,40,70,40,20,2
219,熔岩蝸牛,Fire,Rock,410,50,50,120,80,80,30,2
220,小山豬,Ice,Ground,250,50,50,40,30,30,50,2
221,長毛豬,Ice,Ground,450,100,100,80,60,60,50,2
222,太陽珊瑚,Water,Rock,380,55,55,85,65,85,35,2
223,鐵炮魚,Water,,300,35,65,35,65,35,65,2
224,章魚桶,Water,,480,75,105,75,105,75,45,2
225,信使鳥,Ice,Flying,330,45,55,45,65,45,75,2
226,巨翅飛魚,Water,Flying,465,65,40,70,80,140,70,2
227,盔甲鳥,Steel,Flying,465,65,80,140,40,70,70,2
228,戴魯比,Dark,Fire,330,45,60,30,80,50,65,2
229,黑魯加Mega,Dark,Fire,600,75,90,90,140,90,115,2
229,黑魯加,Dark,Fire,500,75,90,50,110,80,95,2
230,刺龍王,Water,Dragon,540,75,95,95,95,95,85,2
231,小小象,Ground,,330,90,60,60,40,40,40,2
232,頓甲,Ground,,500,90,120,120,60,60,50,2
233,多邊獸Ⅱ,Normal,,515,85,80,90,105,95,60,2
234,驚角鹿,Normal,,465,73,95,62,85,65,85,2
235,圖圖犬,Normal,,250,55,20,35,20,45,75,2
236,無畏小子,Fighting,,210,35,,35,35,35,35,2
237,戰舞郎,Fighting,,455,50,95,95,35,110,70,2
238,迷唇娃,Ice,Psychic,305,45,30,15,85,65,65,2
239,電擊怪,Electric,,360,45,63,37,65,55,95,2
240,鴨嘴寶寶,Fire,,365,45,75,37,70,55,83,2
241,大奶罐,Normal,,490,95,80,105,40,70,100,2
242,幸福蛋,Normal,,540,255,10,10,75,135,55,2
243,雷公,Electric,,580,90,85,75,115,100,115,2
244,炎帝,Fire,,580,115,115,85,90,75,100,2
245,水君,Water,,580,100,75,115,90,115,85,2
246,幼基拉斯,Rock,Ground,300,50,64,50,45,50,41,2
247,沙基拉斯,Rock,Ground,410,70,84,70,65,70,51,2
248,班基拉斯Mega,Rock,Dark,700,100,164,150,95,120,71,2
248,班基拉斯,Rock,Dark,600,100,134,110,95,100,61,2
249,洛奇亞,Psychic,Flying,680,106,90,130,90,154,110,2
250,鳳王,Fire,Flying,680,106,130,90,110,154,90,2
251,時拉比,Psychic,Grass,600,100,100,100,100,100,100,2
252,木守宮,Grass,,310,40,45,35,65,55,70,3
253,森林蜥蜴,Grass,,405,50,65,45,85,65,95,3
254,蜥蜴王Mega,Grass,Dragon,630,70,110,75,145,85,145,3
254,蜥蜴王,Grass,,530,70,85,65,105,85,120,3
255,火稚雞,Fire,,310,45,60,40,70,50,45,3
256,力壯雞,Fire,Fighting,405,60,85,60,85,60,55,3
257,火焰雞Mega,Fire,Fighting,630,80,160,80,130,80,100,3
257,火焰雞,Fire,Fighting,530,80,120,70,110,70,80,3
258,水躍魚,Water,,310,50,70,50,50,50,40,3
259,沼躍魚,Water,Ground,405,70,85,70,60,70,50,3
260,巨沼怪Mega,Water,Ground,635,100,150,110,95,110,70,3
260,巨沼怪,Water,Ground,535,100,110,90,85,90,60,3
261,土狼犬,Dark,,220,35,55,35,30,30,35,3
262,大狼犬,Dark,,420,70,90,70,60,60,70,3
263,蛇紋熊,Normal,,240,38,30,41,30,41,60,3
264,直衝熊,Normal,,420,78,70,61,50,61,100,3
265,刺尾蟲,Bug,,195,45,45,35,20,30,20,3
266,甲殼繭,Bug,,205,50,35,55,25,25,15,3
267,狩獵鳳蝶,Bug,Flying,395,60,70,50,100,50,65,3
268,盾甲繭,Bug,,205,50,35,55,25,25,15,3
269,毒粉蛾,Bug,Poison,385,60,50,70,50,90,65,3
270,蓮葉童子,Water,Grass,220,40,30,30,40,50,30,3
271,蓮帽小童,Water,Grass,340,60,50,50,60,70,50,3
272,樂天河童,Water,Grass,480,80,70,70,90,100,70,3
273,橡實果,Grass,,220,40,40,50,30,30,30,3
274,長鼻葉,Grass,Dark,340,70,70,40,60,40,60,3
275,狡猾天狗,Grass,Dark,480,90,100,60,90,60,80,3
276,傲骨燕,Normal,Flying,270,40,55,30,30,30,85,3
277,大王燕,Normal,Flying,430,60,85,60,50,50,125,3
278,長翅鷗,Water,Flying,270,40,30,30,55,30,85,3
279,大嘴鷗,Water,Flying,430,60,50,100,85,70,65,3
280,拉魯拉絲,Psychic,Fairy,198,28,25,25,45,35,40,3
281,奇魯莉安,Psychic,Fairy,278,38,35,35,65,55,50,3
282,沙奈朵Mega,Psychic,Fairy,618,68,85,65,165,135,100,3
282,沙奈朵,Psychic,Fairy,518,68,65,65,125,115,80,3
283,溜溜糖球,Bug,Water,269,40,30,32,50,52,65,3
284,雨翅蛾,Bug,Flying,414,70,60,62,80,82,60,3
285,蘑蘑菇,Grass,,295,60,40,60,40,60,35,3
286,斗笠菇,Grass,Fighting,460,60,130,80,60,60,70,3
287,懶人獺,Normal,,280,60,60,60,35,35,30,3
288,過動猿,Normal,,440,80,80,80,55,55,90,3
289,請假王,Normal,,670,150,,100,95,65,100,3
290,土居忍士,Bug,Ground,266,31,45,90,30,30,40,3
291,鐵面忍者,Bug,Flying,456,61,90,45,50,50,160,3
292,脫殼忍者,Bug,Ghost,236,1,90,45,30,30,40,3
293,咕妞妞,Normal,,240,64,51,23,51,23,28,3
294,吼爆彈,Normal,,360,84,71,43,71,43,48,3
295,爆音怪,Normal,,490,104,91,63,91,73,68,3
296,幕下力士,Fighting,,237,72,60,,20,30,25,3
297,鐵掌力士,Fighting,,474,144,120,60,40,60,50,3
298,露力麗,Normal,Fairy,190,50,20,40,20,40,20,3
299,朝北鼻,Rock,,375,30,45,135,45,90,30,3
300,向尾喵,Normal,,260,50,45,45,35,35,50,3
301,優雅貓,Normal,,380,70,65,65,55,55,70,3
302,勾魂眼Mega,Dark,Ghost,480,50,85,125,85,115,20,3
302,勾魂眼,Dark,Ghost,380,50,75,75,65,65,50,3
303,大嘴娃Mega,Steel,Fairy,480,50,105,125,55,95,50,3
303,大嘴娃,Steel,Fairy,380,50,85,85,55,55,50,3
304,可可多拉,Steel,Rock,330,50,70,100,40,40,30,3
305,可多拉,Steel,Rock,430,60,90,140,50,50,40,3
306,波士可多拉Mega,Steel,,630,70,140,230,60,80,50,3
306,波士可多拉,Steel,Rock,530,70,110,180,60,60,50,3
307,瑪沙那,Fighting,Psychic,280,30,,55,40,55,60,3
308,恰雷姆Mega,Fighting,Psychic,510,60,100,85,80,85,100,3
308,恰雷姆,Fighting,Psychic,410,60,60,75,60,75,80,3
309,落雷獸,Electric,,295,40,45,40,65,40,65,3
310,雷電獸Mega,Electric,,575,70,75,80,135,80,135,3
310,雷電獸,Electric,,475,70,75,60,105,60,105,3
311,正電拍拍,Electric,,405,60,50,40,85,75,95,3
312,負電拍拍,Electric,,405,60,40,50,75,85,95,3
313,電螢蟲,Bug,,400,65,73,55,47,75,85,3
314,甜甜螢,Bug,,400,65,47,55,73,75,85,3
315,毒薔薇,Grass,Poison,400,50,60,45,100,80,65,3
316,溶食獸,Poison,,302,70,43,53,43,53,40,3
317,吞食獸,Poison,,467,100,73,83,73,83,55,3
318,利牙魚,Water,Dark,305,45,90,20,65,20,65,3
319,巨牙鯊Mega,Water,Dark,560,70,140,70,110,65,105,3
319,巨牙鯊,Water,Dark,460,70,120,40,95,40,95,3
320,吼吼鯨,Water,,400,130,70,35,70,35,60,3
321,吼鯨王,Water,,500,170,90,45,90,45,60,3
322,呆火駝,Fire,Ground,305,60,60,40,65,45,35,3
323,噴火駝Mega,Fire,Ground,560,70,120,100,145,105,20,3
323,噴火駝,Fire,Ground,460,70,100,70,105,75,40,3
324,煤炭龜,Fire,,470,70,85,140,85,70,20,3
325,跳跳豬,Psychic,,330,60,25,35,70,80,60,3
326,噗噗豬,Psychic,,470,80,45,65,90,110,80,3
327,晃晃斑,Normal,,360,60,60,60,60,60,60,3
328,大顎蟻,Ground,,290,45,100,45,45,45,10,3
329,超音波幼蟲,Ground,Dragon,340,50,70,50,50,50,70,3
330,沙漠蜻蜓,Ground,Dragon,520,80,100,80,80,80,100,3
331,刺球仙人掌,Grass,,335,50,85,40,85,40,35,3
332,夢歌仙人掌,Grass,Dark,475,70,115,60,115,60,55,3
333,青綿鳥,Normal,Flying,310,45,40,60,40,75,50,3
334,七夕青鳥Mega,Dragon,Fairy,590,75,110,110,110,105,80,3
334,七夕青鳥,Dragon,Flying,490,75,70,90,70,105,80,3
335,貓鼬斬,Normal,,458,73,115,,60,60,90,3
336,飯匙蛇,Poison,,458,73,100,60,100,60,65,3
337,月石,Rock,Psychic,440,70,55,65,95,85,70,3
338,太陽岩,Rock,Psychic,440,70,95,85,55,65,70,3
339,泥泥鰍,Water,Ground,288,50,48,43,46,41,60,3
340,鯰魚王,Water,Ground,468,110,78,73,76,71,60,3
341,龍蝦小兵,Water,,308,43,80,65,50,35,35,3
342,鐵螯龍蝦,Water,Dark,468,63,120,85,90,55,55,3
343,天秤偶,Ground,Psychic,300,40,40,55,40,70,55,3
344,念力土偶,Ground,Psychic,500,60,70,105,70,120,75,3
345,觸手百合,Rock,Grass,355,66,41,77,61,87,23,3
346,搖籃百合,Rock,Grass,495,86,81,97,81,107,43,3
347,太古羽蟲,Rock,Bug,355,45,95,50,40,50,75,3
348,太古盔甲,Rock,Bug,495,75,125,100,70,80,45,3
349,醜醜魚,Water,,200,20,15,20,10,55,80,3
350,美納斯,Water,,540,95,60,79,100,125,81,3
351,飄浮泡泡,Normal,,420,70,70,70,70,70,70,3
352,變隱龍,Normal,,440,60,90,70,60,120,40,3
353,怨影娃娃,Ghost,,295,44,75,35,63,33,45,3
354,詛咒娃娃,Ghost,,455,64,115,65,83,63,65,3
354,詛咒娃娃Mega,Ghost,,555,64,,75,93,83,75,3
355,夜巡靈,Ghost,,295,20,40,90,30,90,25,3
356,彷徨夜靈,Ghost,,455,40,70,130,60,130,25,3
357,熱帶龍,Grass,Flying,460,99,68,83,72,87,51,3
358,風鈴鈴,Psychic,,425,65,50,70,95,80,65,3
359,阿勃梭魯Mega,Dark,,565,65,150,60,115,60,115,3
359,阿勃梭魯,Dark,,465,65,130,60,75,60,75,3
360,小果然,Psychic,,260,95,23,48,23,48,23,3
361,雪童子,Ice,,300,50,50,50,50,50,50,3
362,冰鬼護Mega,Ice,,580,80,120,80,120,80,100,3
362,冰鬼護,Ice,,480,80,80,80,80,80,80,3
363,海豹球,Ice,Water,290,70,40,50,55,50,25,3
364,海魔獅,Ice,Water,410,90,60,70,75,70,45,3
365,帝牙海獅,Ice,Water,530,110,80,90,95,90,65,3
366,珍珠貝,Water,,345,35,64,85,74,55,32,3
367,獵斑魚,Water,,485,55,104,105,94,75,52,3
368,櫻花魚,Water,,485,55,84,105,114,75,52,3
369,古空棘魚,Water,Rock,485,100,90,130,45,65,55,3
370,愛心魚,Water,,330,43,30,55,40,65,97,3
371,寶貝龍,Dragon,,300,45,75,60,40,30,50,3
372,甲殼龍,Dragon,,420,65,95,100,60,50,50,3
373,暴飛龍Mega,Dragon,Flying,700,95,145,130,120,90,120,3
373,暴飛龍,Dragon,Flying,600,95,135,80,110,80,100,3
374,鐵啞鈴,Steel,Psychic,300,40,55,80,35,60,30,3
375,金屬怪,Steel,Psychic,420,60,75,100,55,80,50,3
376,巨金怪Mega,Steel,Psychic,700,80,145,150,105,110,110,3
376,巨金怪,Steel,Psychic,600,80,135,130,95,90,70,3
377,雷吉洛克,Rock,,580,80,100,200,50,100,50,3
378,雷吉艾斯,Ice,,580,80,50,100,100,200,50,3
379,雷吉斯奇魯,Steel,,580,80,75,150,75,150,50,3
380,拉帝亞斯Mega,Dragon,Psychic,700,80,100,120,140,150,110,3
380,拉帝亞斯,Dragon,Psychic,600,80,80,90,110,130,110,3
381,拉帝歐斯Mega,Dragon,Psychic,700,80,130,100,160,120,110,3
381,拉帝歐斯,Dragon,Psychic,600,80,90,80,130,110,110,3
382,蓋歐卡Mega,Water,,770,100,150,90,180,160,90,3
382,蓋歐卡,Water,,670,100,100,90,150,140,90,3
383,固拉多Mega,Ground,Fire,770,100,180,160,150,90,90,3
383,固拉多,Ground,,670,100,150,140,100,90,90,3
384,烈空坐Mega,Dragon,Flying,780,105,180,100,180,100,115,3
384,烈空坐,Dragon,Flying,680,105,150,90,150,90,95,3
385,基拉祈,Steel,Psychic,600,100,100,100,100,100,100,3
386,代歐奇希斯(攻擊),Psychic,,600,50,180,20,180,20,150,3
386,代歐奇希斯(正常),Psychic,,600,50,150,50,150,50,150,3
386,代歐奇希斯(速度),Psychic,,600,50,95,90,95,90,180,3
386,代歐奇希斯(防禦),Psychic,,600,50,70,160,70,160,90,3
387,草苗龜,Grass,,318,55,68,64,45,55,31,4
388,樹林龜,Grass,,405,75,89,85,55,65,36,4
389,土台龜,Grass,Ground,525,95,109,105,75,85,56,4
390,小火焰猴,Fire,,309,44,58,44,58,44,61,4
391,猛火猴,Fire,Fighting,405,64,78,52,78,52,81,4
392,烈焰猴,Fire,Fighting,534,76,104,71,104,71,108,4
393,波加曼,Water,,314,53,51,53,61,56,40,4
394,波皇子,Water,,405,64,66,68,81,76,50,4
395,帝王拿波,Water,Steel,530,84,86,88,111,101,60,4
396,姆克兒,Normal,Flying,245,40,55,30,30,30,60,4
397,姆克鳥,Normal,Flying,340,55,75,50,40,40,80,4
398,姆克鷹,Normal,Flying,485,85,120,70,50,60,100,4
399,大牙狸,Normal,,250,59,45,40,35,40,31,4
400,大尾狸,Normal,Water,410,79,85,60,55,60,71,4
401,圓法師,Bug,,194,37,25,41,25,41,25,4
402,音箱蟀,Bug,,384,77,85,51,55,51,65,4
403,小貓怪,Electric,,263,45,65,34,40,34,45,4
404,勒克貓,Electric,,363,60,85,49,60,49,60,4
405,倫琴貓,Electric,,523,80,120,79,95,79,70,4
406,含羞苞,Grass,Poison,280,40,30,35,50,70,55,4
407,羅絲雷朵,Grass,Poison,515,60,70,65,125,105,90,4
408,頭蓋龍,Rock,,350,67,125,40,30,30,58,4
409,戰槌龍,Rock,,495,97,165,60,65,50,58,4
410,盾甲龍,Rock,Steel,350,30,42,118,42,88,30,4
411,護城龍,Rock,Steel,495,60,52,168,47,138,30,4
412,結草兒,Bug,,224,40,29,45,29,45,36,4
413,結草貴婦(草木蓑衣),Bug,Ground,424,60,79,105,59,85,36,4
413,結草貴婦(垃圾蓑衣),Bug,Steel,424,60,69,95,69,95,36,4
413,結草貴婦(植物蓑衣),Bug,Grass,424,60,59,85,79,105,36,4
414,紳士蛾,Bug,Flying,424,70,94,50,94,50,66,4
415,三蜜蜂,Bug,Flying,244,30,30,42,30,42,70,4
416,蜂女王,Bug,Flying,474,70,80,102,80,102,40,4
417,帕奇利茲,Electric,,405,60,45,70,45,90,95,4
418,泳圈鼬,Water,,330,55,65,35,60,30,85,4
419,浮潛鼬,Water,,495,85,105,55,85,50,115,4
420,櫻花寶,Grass,,275,45,35,45,62,53,35,4
421,櫻花兒,Grass,,450,70,60,70,87,78,85,4
422,無殼海兔,Water,,325,76,48,48,57,62,34,4
423,海兔獸,Water,Ground,475,111,83,68,92,82,39,4
424,雙尾怪手,Normal,,482,75,100,66,60,66,115,4
425,飄飄球,Ghost,Flying,348,90,50,,60,44,70,4
426,隨風球,Ghost,Flying,498,150,80,,90,54,80,4
427,捲捲耳,Normal,,350,55,66,44,44,56,85,4
428,長耳兔Mega,Normal,Fighting,580,65,136,94,54,96,135,4
428,長耳兔,Normal,,480,65,76,84,54,96,105,4
429,夢妖魔,Ghost,,495,60,60,,105,105,105,4
430,烏鴉頭頭,Dark,Flying,505,100,125,52,105,52,71,4
431,魅力喵,Normal,,310,49,55,42,42,37,85,4
432,東施喵,Normal,,452,71,82,64,64,59,112,4
433,鈴鐺響,Psychic,,285,45,30,50,65,50,45,4
434,臭鼬噗,Poison,Dark,329,63,63,47,41,41,74,4
435,坦克臭鼬,Poison,Dark,479,103,93,67,71,61,84,4
436,銅鏡怪,Steel,Psychic,300,57,24,86,24,86,23,4
437,青銅鐘,Steel,Psychic,500,67,89,116,79,116,33,4
438,盆才怪,Rock,,290,50,80,95,10,45,10,4
439,魔尼尼,Psychic,Fairy,310,20,25,45,70,90,60,4
440,小福蛋,Normal,,220,100,5,5,15,65,30,4
441,聒噪鳥,Normal,Flying,411,76,65,45,92,42,91,4
442,花岩怪,Ghost,Dark,485,50,92,108,92,108,35,4
443,圓陸鯊,Dragon,Ground,300,58,70,45,40,45,42,4
444,尖牙陸鯊,Dragon,Ground,410,68,90,65,50,55,82,4
445,烈咬陸鯊Mega,Dragon,Ground,700,108,170,115,120,95,92,4
445,烈咬陸鯊,Dragon,Ground,600,108,130,95,80,85,102,4
446,小卡比獸,Normal,,390,135,85,40,40,85,5,4
447,利歐路,Fighting,,285,40,70,40,35,40,60,4
448,路卡利歐Mega,Fighting,Steel,625,70,145,88,140,70,112,4
448,路卡利歐,Fighting,Steel,525,70,110,70,115,70,90,4
449,沙河馬,Ground,,330,68,72,78,38,42,32,4
450,河馬獸,Ground,,525,108,112,118,68,72,47,4
451,鉗尾蠍,Poison,Bug,330,40,50,90,30,55,65,4
452,龍王蠍,Poison,Dark,500,70,90,110,60,75,95,4
453,不良蛙,Poison,Fighting,300,48,61,40,61,40,50,4
454,毒骷蛙,Poison,Fighting,490,83,106,65,86,65,85,4
455,尖牙籠,Grass,,454,74,100,72,90,72,46,4
456,螢光魚,Water,,330,49,49,56,49,61,66,4
457,霓虹魚,Water,,460,69,69,76,69,86,91,4
458,小球飛魚,Water,Flying,345,45,20,50,60,120,50,4
459,雪笠怪,Grass,Ice,334,60,62,50,62,60,40,4
460,暴雪王Mega,Grass,Ice,594,90,132,105,132,105,30,4
460,暴雪王,Grass,Ice,494,90,92,75,92,85,60,4
461,瑪狃拉,Dark,Ice,510,70,120,65,45,85,125,4
462,自爆磁怪,Electric,Steel,535,70,70,115,130,90,60,4
463,大舌舔,Normal,,515,110,85,95,80,95,50,4
464,超甲狂犀,Ground,Rock,535,115,140,130,55,55,40,4
465,巨蔓藤,Grass,,535,100,100,125,110,50,50,4
466,電擊魔獸,Electric,,540,75,123,67,95,85,95,4
467,鴨嘴炎獸,Fire,,540,75,95,67,125,95,83,4
468,波克基斯,Fairy,Flying,545,85,50,95,120,115,80,4
469,遠古巨蜓,Bug,Flying,515,86,76,86,116,56,95,4
470,葉伊布,Grass,,525,65,110,130,60,65,95,4
471,冰伊布,Ice,,525,65,60,110,130,95,65,4
472,天蠍王,Ground,Flying,510,75,95,125,45,75,95,4
473,象牙豬,Ice,Ground,530,110,130,80,70,60,80,4
474,多邊獸Ｚ,Normal,,535,85,80,70,135,75,90,4
475,艾路雷朵Mega,Psychic,Fighting,618,68,165,95,65,115,110,4
475,艾路雷朵,Psychic,Fighting,518,68,125,65,65,115,80,4
476,大朝北鼻,Rock,Steel,525,60,55,145,75,150,40,4
477,黑夜魔靈,Ghost,,525,45,100,135,65,135,45,4
478,雪妖女,Ice,Ghost,480,70,80,70,80,70,110,4
479,洛托姆-Heat,Electric,Fire,520,50,65,107,105,107,86,4
479,洛托姆-Wash,Electric,Water,520,50,65,107,105,107,86,4
479,洛托姆-Forst,Electric,Ice,520,50,65,107,105,107,86,4
479,洛托姆-Fan,Electric,Flying,520,50,65,107,105,107,86,4
479,洛托姆-Mow,Electric,Grass,520,50,65,107,105,107,86,4
479,洛托姆,Electric,Ghost,440,50,50,77,95,77,91,4
480,由克希,Psychic,,580,75,75,130,75,130,95,4
481,艾姆利多,Psychic,,580,80,105,105,105,105,80,4
482,亞克諾姆,Psychic,,580,75,125,70,125,70,115,4
483,帝牙盧卡,Steel,Dragon,680,100,120,120,150,100,90,4
484,帕路奇亞,Water,Dragon,680,90,120,100,150,120,100,4
485,席多藍恩,Fire,Steel,600,91,90,106,130,106,77,4
486,雷吉奇卡斯,Normal,,670,110,,110,80,110,100,4
487,騎拉帝納-Origin,Ghost,Dragon,680,150,120,100,120,100,90,4
487,騎拉帝納-Altered,Ghost,Dragon,680,150,100,120,100,120,90,4
488,克雷色利亞,Psychic,,600,120,70,120,75,130,85,4
489,霏歐納,Water,,480,80,80,80,80,80,80,4
490,瑪納霏,Water,,600,100,100,100,100,100,100,4
491,達克萊伊,Dark,,600,70,90,90,135,90,125,4
492,謝米-sky,Grass,Flying,600,100,103,75,120,75,127,4
492,謝米-Land,Grass,,600,100,100,100,100,100,100,4
493,阿爾宙斯,Normal,,720,120,120,,120,120,120,4
494,比克提尼,Psychic,Fire,600,100,100,100,100,100,100,5
495,藤藤蛇,Grass,,308,45,45,55,45,55,63,5
496,青藤蛇,Grass,,413,60,60,75,60,75,83,5
497,君主蛇,Grass,,528,75,75,95,75,95,113,5
498,暖暖豬,Fire,,308,65,63,45,45,45,45,5
499,炒炒豬,Fire,Fighting,418,90,93,55,70,55,55,5
500,炎武王,Fire,Fighting,528,110,123,65,100,65,65,5
501,水水獺,Water,,308,55,55,45,63,45,45,5
502,雙刃丸,Water,,413,75,75,60,83,60,60,5
503,大劍鬼,Water,,528,95,100,85,108,70,70,5
504,探探鼠,Normal,,255,45,55,39,35,39,42,5
505,步哨鼠,Normal,,420,60,85,69,60,69,77,5
506,小約克,Normal,,275,45,60,45,25,45,55,5
507,哈約克,Normal,,370,65,80,65,35,65,60,5
508,長毛狗,Normal,,500,85,,90,45,90,80,5
509,扒手貓,Dark,,281,41,50,37,50,37,66,5
510,酷豹,Dark,,446,64,88,50,88,50,106,5
511,花椰猴,Grass,,316,50,53,48,53,48,64,5
512,花椰猿,Grass,,498,75,98,63,98,63,101,5
513,爆香猴,Fire,,316,50,53,48,53,48,64,5
514,爆香猿,Fire,,498,75,98,63,98,63,101,5
515,冷水猴,Water,,316,50,53,48,53,48,64,5
516,冷水猿,Water,,498,75,98,63,98,63,101,5
517,食夢夢,Psychic,,292,76,25,45,67,55,24,5
518,夢夢蝕,Psychic,,487,116,55,85,107,95,29,5
519,豆豆鴿,Normal,Flying,264,50,55,50,36,30,43,5
520,咕咕鴿,Normal,Flying,358,62,77,62,50,42,65,5
521,高傲雉雞,Normal,Flying,488,80,115,80,65,55,93,5
522,斑斑馬,Electric,,295,45,60,32,50,32,76,5
523,雷電斑馬,Electric,,497,75,100,63,80,63,116,5
524,石丸子,Rock,,280,55,75,85,25,25,15,5
525,地幔岩,Rock,,390,70,105,105,50,40,20,5
526,龐岩怪,Rock,,515,85,135,130,60,80,25,5
527,滾滾蝙蝠,Psychic,Flying,313,55,45,43,55,43,72,5
528,心蝙蝠,Psychic,Flying,425,67,57,55,77,55,114,5
529,螺釘地鼠,Ground,,328,60,85,40,30,45,68,5
530,龍頭地鼠,Ground,Steel,508,110,135,60,50,65,88,5
531,差不多娃娃Mega,Normal,Fairy,545,103,60,126,80,126,50,5
531,差不多娃娃,Normal,,445,103,60,,60,86,50,5
532,搬運小匠,Fighting,,305,75,80,55,25,35,35,5
533,鐵骨土人,Fighting,,405,85,105,85,40,50,40,5
534,修建老匠,Fighting,,505,105,140,95,55,65,45,5
535,圓蝌蚪,Water,,294,50,50,40,50,40,64,5
536,藍蟾蜍,Water,Ground,384,75,65,55,65,55,69,5
537,蟾蜍王,Water,Ground,509,105,95,75,85,75,74,5
538,投摔鬼,Fighting,,465,120,100,85,30,85,45,5
539,打擊鬼,Fighting,,465,75,125,75,30,75,85,5
540,蟲寶包,Bug,Grass,310,45,53,70,40,60,42,5
541,寶包繭,Bug,Grass,380,55,63,90,50,80,42,5
542,保母蟲,Bug,Grass,500,75,103,80,70,80,92,5
543,百足蜈蚣,Bug,Poison,260,30,45,59,30,39,57,5
544,車輪毬,Bug,Poison,360,40,55,99,40,79,47,5
545,蜈蚣王,Bug,Poison,485,60,100,89,55,69,112,5
546,木棉球,Grass,Fairy,280,40,27,60,37,50,66,5
547,風妖精,Grass,Fairy,480,60,67,85,77,75,116,5
548,百合根娃娃,Grass,,280,45,35,50,70,50,30,5
549,裙兒小姐,Grass,,480,70,60,75,110,75,90,5
550,野蠻鱸魚,Water,,460,70,92,65,80,55,98,5
551,黑眼鱷,Ground,Dark,292,50,72,35,35,35,65,5
552,混混鱷,Ground,Dark,351,60,82,45,45,45,74,5
553,流氓鱷,Ground,Dark,519,95,117,80,65,70,92,5
554,火紅不倒翁,Fire,,315,70,90,45,15,45,50,5
555,達摩狒狒-Standard,Fire,,480,105,140,55,30,55,95,5
555,達摩狒狒-Zen,Fire,Psychic,540,105,30,105,140,105,55,5
556,沙鈴仙人掌,Grass,,461,75,86,67,106,67,60,5
557,石居蟹,Bug,Rock,325,50,65,85,35,35,55,5
558,岩殿居蟹,Bug,Rock,475,70,95,125,65,75,45,5
559,滑滑小子,Dark,Fighting,348,50,75,70,35,70,48,5
560,頭巾混混,Dark,Fighting,488,65,90,115,45,115,58,5
561,象徵鳥,Psychic,Flying,490,72,58,80,103,80,97,5
562,哭哭面具,Ghost,,303,38,30,85,55,65,30,5
563,死神棺,Ghost,,483,58,50,145,95,105,30,5
564,原蓋海龜,Water,Rock,355,54,78,103,53,45,22,5
565,肋骨海龜,Water,Rock,495,74,108,133,83,65,32,5
566,始祖小鳥,Rock,Flying,401,55,112,45,74,45,70,5
567,始祖大鳥,Rock,Flying,567,75,140,65,112,65,110,5
568,破破袋,Poison,,329,50,50,62,40,62,65,5
569,灰塵山,Poison,,474,80,95,82,60,82,75,5
570,索羅亞,Dark,,330,40,65,40,80,40,65,5
571,索羅亞克,Dark,,510,60,105,60,120,60,105,5
572,泡沫栗鼠,Normal,,300,55,50,40,40,40,75,5
573,奇諾栗鼠,Normal,,470,75,95,60,65,60,115,5
574,哥德寶寶,Psychic,,290,45,30,50,55,65,45,5
575,哥德小童,Psychic,,390,60,45,70,75,85,55,5
576,哥德小姐,Psychic,,490,70,55,95,95,110,65,5
577,單卵細胞球,Psychic,,290,45,30,40,105,50,20,5
578,雙卵細胞球,Psychic,,370,65,40,50,125,60,30,5
579,人造細胞卵,Psychic,,490,110,65,75,125,85,30,5
580,鴨寶寶,Water,Flying,305,62,44,50,44,50,55,5
581,舞天鵝,Water,Flying,473,75,87,63,87,63,98,5
582,迷你冰,Ice,,305,36,50,50,65,60,44,5
583,多多冰,Ice,,395,51,65,65,80,75,59,5
584,雙倍多多冰,Ice,,535,71,95,85,110,95,79,5
585,四季鹿,Normal,Grass,335,60,60,50,40,50,75,5
586,萌芽鹿,Normal,Grass,475,80,100,70,60,70,95,5
587,電飛鼠,Electric,Flying,428,55,75,60,75,60,103,5
588,蓋蓋蟲,Bug,,315,50,75,45,40,45,60,5
589,騎士蝸牛,Bug,Steel,495,70,135,105,60,105,20,5
590,哎呀球菇,Grass,Poison,294,69,55,45,55,55,15,5
591,敗露球菇,Grass,Poison,464,114,85,70,85,80,30,5
592,輕飄飄,Water,Ghost,335,55,40,50,65,85,40,5
593,胖嘟嘟,Water,Ghost,480,100,60,70,85,105,60,5
594,保母曼波,Water,,470,165,75,80,40,45,65,5
595,電電蟲,Bug,Electric,319,50,47,50,57,50,65,5
596,電蜘蛛,Bug,Electric,472,70,77,60,97,60,108,5
597,種子鐵球,Grass,Steel,305,44,50,91,24,86,10,5
598,堅果啞鈴,Grass,Steel,489,74,94,131,54,116,20,5
599,齒輪兒,Steel,,300,40,55,70,45,60,30,5
600,齒輪組,Steel,,440,60,80,95,70,85,50,5
601,齒輪怪,Steel,,520,60,100,115,70,85,90,5
602,麻麻小魚,Electric,,275,35,55,40,45,40,60,5
603,麻麻鰻,Electric,,405,65,85,70,75,70,40,5
604,麻麻鰻魚王,Electric,,515,85,115,80,105,80,50,5
605,小灰怪,Psychic,,335,55,55,55,85,55,30,5
606,大宇怪,Psychic,,485,75,75,75,125,95,40,5
607,燭光靈,Ghost,Fire,275,50,30,55,65,55,20,5
608,燈火幽靈,Ghost,Fire,370,60,40,,95,60,55,5
609,水晶燈火靈,Ghost,Fire,520,60,55,90,145,90,80,5
610,牙牙,Dragon,,320,46,87,60,30,40,57,5
611,斧牙龍,Dragon,,410,66,117,70,40,50,67,5
612,雙斧戰龍,Dragon,,540,76,147,90,60,70,97,5
613,噴嚏熊,Ice,,305,55,70,40,60,40,40,5
614,凍原熊,Ice,,485,95,110,80,70,80,50,5
615,幾何雪花,Ice,,485,70,50,30,95,135,105,5
616,小嘴蝸,Bug,,305,50,40,85,40,65,25,5
617,敏捷蟲,Bug,,495,80,70,40,100,60,145,5
618,泥巴魚,Ground,Electric,471,109,66,84,81,99,32,5
619,功夫鼬,Fighting,,350,45,85,,55,50,65,5
620,師父鼬,Fighting,,510,65,125,60,95,60,105,5
621,赤面龍,Dragon,,485,77,120,90,60,90,48,5
622,泥偶小人,Ground,Ghost,303,59,74,50,35,50,35,5
623,泥偶巨人,Ground,Ghost,483,89,124,80,55,80,55,5
624,駒刀小兵,Dark,Steel,340,45,85,70,40,40,60,5
625,劈斬司令,Dark,Steel,490,65,125,100,60,70,70,5
626,爆炸頭水牛,Normal,,490,95,,95,40,95,55,5
627,毛頭小鷹,Normal,Flying,350,70,83,50,37,50,60,5
628,勇士雄鷹,Normal,Flying,510,100,123,75,57,75,80,5
629,禿鷹丫頭,Dark,Flying,370,70,55,75,45,65,60,5
630,禿鷹娜,Dark,Flying,510,110,65,105,55,95,80,5
631,熔蟻獸,Fire,,484,85,97,66,105,66,65,5
632,鐵蟻,Bug,Steel,484,58,109,112,48,48,109,5
633,單首龍,Dark,Dragon,300,52,65,50,45,50,38,5
634,雙首暴龍,Dark,Dragon,420,72,85,70,65,70,58,5
635,三首惡龍,Dark,Dragon,600,92,105,90,125,90,98,5
636,燃燒蟲,Bug,Fire,360,55,85,55,50,55,60,5
637,火神蛾,Bug,Fire,550,85,60,65,135,105,100,5
638,勾帕路翁,Steel,Fighting,580,91,90,129,90,72,108,5
639,代拉基翁,Rock,Fighting,580,91,129,90,72,90,108,5
640,畢力吉翁,Grass,Fighting,580,91,90,72,90,129,108,5
641,龍捲雲-Incarnate,Flying,,580,79,115,70,125,80,111,5
641,龍捲雲-Therian,Flying,,580,79,100,80,110,90,121,5
642,雷電雲-Incarnate,Electric,Flying,580,79,115,70,125,80,111,5
642,雷電雲-Therian,Electric,Flying,580,79,105,70,145,80,101,5
643,萊希拉姆,Dragon,Fire,680,100,120,100,150,120,90,5
644,捷克羅姆,Dragon,Electric,680,100,150,120,120,100,90,5
645,土地雲-Therian,Ground,Flying,600,89,145,90,105,80,91,5
645,土地雲-Incarnate,Ground,Flying,600,89,125,90,115,80,101,5
646,酋雷姆-Black,Dragon,Ice,700,125,170,100,120,90,95,5
646,酋雷姆,Dragon,Ice,660,125,130,90,130,90,95,5
646,酋雷姆-White,Dragon,Ice,700,125,120,90,170,100,95,5
647,凱路迪歐-Ordinary,Water,Fighting,580,91,72,90,129,90,108,5
647,凱路迪歐-Resolute,Water,Fighting,580,91,72,90,129,90,108,5
648,美洛耶塔-Pirouette,Normal,Fighting,600,100,128,,77,77,128,5
648,美洛耶塔-Aria,Normal,Psychic,600,100,77,77,128,128,90,5
649,蓋諾賽克特,Bug,Steel,600,71,120,95,120,95,99,5
650,哈力栗,Grass,,313,56,61,65,48,45,38,6
651,胖胖哈力,Grass,,405,61,78,95,56,58,57,6
652,布里卡隆,Grass,Fighting,530,88,107,122,74,75,64,6
653,火狐狸,Fire,,307,40,45,40,62,60,60,6
654,長尾火狐,Fire,,409,59,59,58,90,70,73,6
655,妖火紅狐,Fire,Psychic,534,75,69,72,114,100,104,6
656,呱呱泡蛙,Water,,314,41,56,40,62,44,71,6
657,呱頭蛙,Water,,405,54,63,52,83,56,97,6
658,甲賀忍蛙,Water,Dark,530,72,95,67,103,71,122,6
659,掘掘兔,Normal,,237,38,36,38,32,36,57,6
660,掘地兔,Normal,Ground,423,85,56,77,50,77,78,6
661,小箭雀,Normal,Flying,278,45,50,43,40,38,62,6
662,火箭雀,Fire,Flying,382,62,73,55,56,52,84,6
663,烈箭鷹,Fire,Flying,499,78,81,71,74,69,126,6
664,粉蝶蟲,Bug,,200,38,35,40,27,25,35,6
665,粉蝶蛹,Bug,,213,45,22,60,27,30,29,6
666,彩粉蝶,Bug,Flying,411,80,52,50,90,50,89,6
667,小獅獅,Fire,Normal,369,62,50,58,73,54,72,6
668,火炎獅,Fire,Normal,507,86,68,72,109,66,106,6
669,花蓓蓓,Fairy,,303,44,38,39,61,79,42,6
670,花葉蒂,Fairy,,371,54,45,47,75,98,52,6
671,花潔夫人,Fairy,,552,78,65,68,112,154,75,6
672,坐騎小羊,Grass,,350,66,65,48,62,57,52,6
673,坐騎山羊,Grass,,531,123,100,62,97,81,68,6
674,頑皮熊貓,Fighting,,348,67,82,62,46,48,43,6
675,流氓熊貓,Fighting,Dark,495,95,124,78,69,71,58,6
676,多麗米亞,Normal,,472,75,80,60,65,90,102,6
677,妙喵,Psychic,,355,62,48,54,63,60,68,6
678,超能妙喵-Male,Psychic,,466,74,48,76,83,81,104,6
678,超能妙喵-Female,Psychic,,466,74,48,76,83,81,104,6
679,獨劍鞘,Steel,Ghost,325,45,80,100,35,37,28,6
680,雙劍鞘,Steel,Ghost,448,59,110,150,45,49,35,6
681,堅盾劍怪-Blade,Steel,Ghost,520,60,150,50,150,50,60,6
681,堅盾劍怪-Shield,Steel,Ghost,520,60,50,150,50,150,60,6
682,粉香香,Fairy,,341,78,52,60,63,65,23,6
683,芳香精,Fairy,,462,101,72,72,99,89,29,6
684,綿綿泡芙,Fairy,,341,62,48,66,59,57,49,6
685,胖甜妮,Fairy,,480,82,80,86,85,75,72,6
686,好啦魷,Dark,Psychic,288,53,54,53,37,46,45,6
687,烏賊王,Dark,Psychic,482,86,92,88,68,75,73,6
688,龜腳腳,Rock,Water,306,42,52,67,39,56,50,6
689,龜足巨鎧,Rock,Water,500,72,105,115,54,86,68,6
690,垃垃藻,Poison,Water,320,50,60,60,60,60,30,6
691,毒藻龍,Poison,Dragon,494,65,75,90,97,123,44,6
692,鐵臂槍蝦,Water,,330,50,53,62,58,63,44,6
693,鋼炮臂蝦,Water,,500,71,73,88,120,89,59,6
694,傘電蜥,Electric,Normal,289,44,38,33,61,43,70,6
695,光電傘蜥,Electric,Normal,481,62,55,52,109,94,109,6
696,寶寶暴龍,Rock,Dragon,362,58,89,77,45,45,48,6
697,怪顎龍,Rock,Dragon,521,82,121,119,69,59,71,6
698,冰雪龍,Rock,Ice,362,77,59,50,67,63,46,6
699,冰雪巨龍,Rock,Ice,521,123,77,72,99,92,58,6
700,仙子伊布,Fairy,,525,95,65,65,110,130,60,6
701,摔角鷹人,Fighting,Flying,500,78,92,,74,63,118,6
702,咚咚鼠,Electric,Fairy,431,67,58,57,81,67,101,6
703,小碎鑽,Rock,Fairy,500,50,50,150,50,150,50,6
704,黏黏寶,Dragon,,300,45,50,35,55,75,40,6
705,黏美兒,Dragon,,452,68,75,53,83,113,60,6
706,黏美龍,Dragon,,600,90,100,70,110,150,80,6
707,鑰圈兒,Steel,Fairy,470,57,80,91,80,87,75,6
708,小木靈,Ghost,Grass,309,43,70,48,50,60,38,6
709,朽木妖,Ghost,Grass,474,85,110,76,65,82,56,6
710,南瓜精-Average,Ghost,Grass,335,49,66,70,44,55,51,6
710,南瓜精-Small,Ghost,Grass,335,44,66,70,44,55,56,6
710,南瓜精-Large,Ghost,Grass,335,54,66,70,44,55,46,6
710,南瓜精-Super,Ghost,Grass,335,59,66,70,44,55,41,6
711,南瓜怪人-Super,Ghost,Grass,494,85,100,122,58,75,54,6
711,南瓜怪人-Large,Ghost,Grass,494,75,95,122,58,75,69,6
711,南瓜怪人-Average,Ghost,Grass,494,65,90,122,58,75,84,6
711,南瓜怪人-Small,Ghost,Grass,494,55,85,122,58,75,99,6
712,冰寶,Ice,,304,55,69,85,32,35,28,6
713,冰岩怪,Ice,,514,95,117,184,44,46,28,6
714,嗡蝠,Flying,Dragon,245,40,30,35,45,40,55,6
715,音波龍,Flying,Dragon,535,85,70,80,97,80,123,6
716,哲爾尼亞斯,Fairy,,680,126,131,95,131,98,99,6
717,伊裴爾塔爾,Dark,Flying,680,126,131,95,131,98,99,6
718,伊裴爾塔爾Mega,Dragon,Ground,600,108,100,121,81,95,95,6
719,蒂安希Mega,Rock,Fairy,700,50,160,110,160,110,110,6
719,蒂安希,Rock,Fairy,600,50,100,150,100,150,50,6
720,胡帕-Unbound,Psychic,Dark,680,80,160,60,170,130,80,6
720,胡帕-Confined,Psychic,Ghost,600,80,110,60,150,130,70,6
721,波爾凱尼恩,Fire,Water,600,80,110,120,130,90,70,6
722,木木梟,Grass,Flying,320,68,55,55,50,50,42,7
723,投羽梟,Grass,Flying,420,78,75,75,70,70,52,7
724,狙射樹梟,Grass,Ghost,530,78,107,75,100,100,70,7
725,火斑喵,Fire,,320,45,65,40,60,40,70,7
726,炎熱喵,Fire,,420,65,85,50,80,50,90,7
727,熾焰咆哮虎,Fire,,530,95,115,90,80,90,60,7
728,球球海獅,Water,,320,50,54,54,66,56,40,7
729,花漾海獅,Water,,420,60,69,69,91,81,50,7
730,西獅海壬,Water,,530,80,74,74,126,116,60,7
731,小篤兒,Normal,Flying,265,35,75,30,30,30,65,7
732,喇叭啄鳥,Normal,Flying,355,55,85,50,40,50,75,7
733,銃嘴大鳥,Normal,Flying,485,80,120,75,75,75,60,7
734,貓鼬少,Normal,,253,48,70,30,30,30,45,7
735,貓鼬探長,Normal,,418,88,,60,55,60,45,7
736,強顎雞母蟲,Bug,,300,47,62,45,55,45,46,7
737,蟲電寶,Bug,Electric,400,57,82,95,55,75,36,7
738,鍬農炮蟲,Bug,Electric,500,77,70,90,145,75,43,7
739,好勝蟹,Fighting,,338,47,82,,42,47,63,7
740,好勝毛蟹,Fighting,Ice,478,97,132,77,62,67,43,7
741,花舞鳥-Pom-Pom,Electric,Flying,476,75,70,70,98,70,93,7
741,花舞鳥-Baile,Fire,Flying,476,75,70,70,98,70,93,7
741,花舞鳥-Pau,Psychic,Flying,476,75,70,70,98,70,93,7
742,萌虻,Bug,Fairy,304,40,45,40,55,40,84,7
743,蝶結萌虻,Bug,Fairy,464,60,55,60,95,70,124,7
744,岩狗狗,Rock,,280,45,65,40,30,40,60,7
745,鬃岩狼人-Midnight,Rock,,487,85,115,75,55,75,82,7
745,鬃岩狼人-Midday,Rock,,487,75,115,65,55,65,112,7
746,弱丁魚-School,Water,,620,45,140,130,140,135,30,7
746,弱丁魚-Solo,Water,,175,45,20,20,25,25,40,7
747,好壞星,Poison,Water,305,50,53,62,43,52,45,7
748,超壞星,Poison,Water,495,50,63,152,53,142,35,7
749,泥驢仔,Ground,,385,70,100,70,45,55,45,7
750,重泥挽馬,Ground,,500,100,125,100,55,85,35,7
751,滴蛛,Water,Bug,269,38,40,52,40,72,27,7
752,滴蛛霸,Water,Bug,454,68,70,92,50,132,42,7
753,偽螳草,Grass,,250,40,55,35,50,35,35,7
754,蘭螳花,Grass,,480,70,105,90,80,90,45,7
755,睡睡菇,Grass,Fairy,285,40,35,55,65,75,15,7
756,燈罩夜菇,Grass,Fairy,405,60,45,80,90,100,30,7
757,夜盜火蜥,Poison,Fire,320,48,44,40,71,40,77,7
758,焰后蜥,Poison,Fire,480,68,64,60,111,60,117,7
759,童偶熊,Normal,Fighting,340,70,75,50,45,50,50,7
760,穿著熊,Normal,Fighting,500,120,125,,55,60,60,7
761,甜竹竹,Grass,,210,42,30,38,30,38,32,7
762,甜舞妮,Grass,,290,52,40,48,40,48,62,7
763,甜冷美后,Grass,,510,72,120,98,50,98,72,7
764,花療環環,Fairy,,485,51,52,90,82,110,100,7
765,智揮猩,Normal,Psychic,490,90,60,,90,110,60,7
766,投擲猴,Fighting,,490,100,120,90,40,60,80,7
767,膽小蟲,Bug,Water,230,25,35,40,20,30,80,7
768,具甲武者,Bug,Water,530,75,125,140,60,90,40,7
769,沙丘娃,Ghost,Ground,320,55,55,80,70,45,15,7
770,噬沙堡爺,Ghost,Ground,480,85,75,110,100,75,35,7
771,拳海參,Water,,410,55,60,130,30,130,5,7
772,屬性：空,Normal,,534,95,95,95,95,95,59,7
773,銀伴戰獸,Normal,,570,95,95,95,95,95,95,7
774,小隕星-Core,Rock,Flying,500,60,100,60,100,60,120,7
774,小隕星-Meteor,Rock,Flying,440,60,60,100,60,100,60,7
775,樹枕尾熊,Normal,,480,65,115,,75,95,65,7
776,爆焰龜獸,Fire,Dragon,485,60,78,135,91,85,36,7
777,托戈德瑪爾,Electric,Steel,435,65,98,63,40,73,96,7
778,謎擬Ｑ,Ghost,Fairy,476,55,90,80,50,105,96,7
779,磨牙彩皮魚,Water,Psychic,475,68,105,70,70,70,92,7
780,老翁龍,Normal,Dragon,485,78,60,,135,91,36,7
781,破破舵輪,Ghost,Grass,517,70,131,100,86,90,40,7
782,心鱗寶,Dragon,,300,45,55,65,45,45,45,7
783,鱗甲龍,Dragon,Fighting,420,55,75,90,65,70,65,7
784,杖尾鱗甲龍,Dragon,Fighting,600,75,110,125,100,105,85,7
785,卡璞?鳴鳴,Electric,Fairy,570,70,115,85,95,75,130,7
786,卡璞?蝶蝶,Psychic,Fairy,570,70,85,75,130,115,95,7
787,卡璞?哞哞,Grass,Fairy,570,70,130,115,85,95,75,7
788,卡璞?鰭鰭,Water,Fairy,570,70,75,115,95,130,85,7
789,科斯莫古,Psychic,,200,43,29,31,29,31,37,7
790,科斯莫姆,Psychic,,400,43,29,131,29,131,37,7
791,索爾迦雷歐,Psychic,Steel,680,137,137,107,113,89,97,7
792,露奈雅拉,Psychic,Ghost,680,137,113,89,137,107,97,7
793,虛吾伊德,Rock,Poison,570,109,53,47,127,131,103,7
794,爆肌蚊,Bug,Fighting,570,107,139,139,53,53,79,7
795,費洛美螂,Bug,Fighting,570,71,137,37,137,37,151,7
796,電束木,Electric,,570,83,89,71,173,71,83,7
797,鐵火輝夜,Steel,Flying,570,97,101,103,107,101,61,7
798,紙御劍,Grass,Steel,570,59,181,131,59,31,109,7
799,惡食大王,Dark,Dragon,570,223,101,53,97,53,43,7
800,奈克洛茲瑪-Ultra,Psychic,Dragon,754,97,167,97,167,97,129,7
800,奈克洛茲瑪-Dusk,Psychic,Steel,680,97,157,127,113,109,77,7
800,奈克洛茲瑪-Dawn,Psychic,Ghost,680,97,113,109,157,127,77,7
800,奈克洛茲瑪,Psychic,,600,97,107,101,127,89,79,7
801,瑪機雅娜,Steel,Fairy,600,80,95,115,130,115,65,7
802,瑪夏多,Fighting,Ghost,600,90,125,80,90,90,125,7
803,毒貝比,Poison,,420,67,73,67,73,67,73,7
804,四顎針龍,Poison,Dragon,540,73,73,73,127,73,121,7
805,壘磊石,Rock,Steel,570,61,131,211,53,101,13,7
806,砰頭小丑,Fire,Ghost,570,53,127,53,151,79,107,7
807,捷拉奧拉,Electric,,600,88,112,75,102,80,143,7
